futura/a.png,futura
futura/b.png,futura
futura/c.png,futura
futura/d.png,futura
futura/e.png,futura
futura/f.png,futura
futura/g.png,futura
futura/h.png,futura
futura/i.png,futura
futura/j.png,futura
futura/k.png,futura
futura/l.png,futura
futura/m.png,futura
futura/n.png,futura
futura/o.png,futura
futura/p.png,futura
futura/q.png,futura
futura/r.png,futura
futura/s.png,futura
futura/t.png,futura
futura/u.png,futura
futura/v.png,futura
futura/w.png,futura
futura/x.png,futura
futura/y.png,futura
futura/z.png,futura
gillsans/a.png,gillsans
gillsans/b.png,gillsans
gillsans/c.png,gillsans
gillsans/d.png,gillsans
gillsans/e.png,gillsans
gillsans/f.png,gillsans
gillsans/g.png,gillsans
gillsans/h.png,gillsans
gillsans/i.png,gillsans
gillsans/j.png,gillsans
gillsans/k.png,gillsans
gillsans/l.png,gillsans
gillsans/m.png,gillsans
gillsans/n.png,gillsans
gillsans/o.png,gillsans
gillsans/p.png,gillsans
gillsans/q.png,gillsans
gillsans/r.png,gillsans
gillsans/s.png,gillsans
gillsans/t.png,gillsans
gillsans/u.png,gillsans
gillsans/v.png,gillsans
gillsans/w.png,gillsans
gillsans/x.png,gillsans
gillsans/y.png,gillsans
gillsans/z.png,gillsans
helvetica/a.png,helvetica
helvetica/b.png,helvetica
helvetica/c.png,helvetica
helvetica/d.png,helvetica
helvetica/e.png,helvetica
helvetica/f.png,helvetica
helvetica/g.png,helvetica
helvetica/h.png,helvetica
helvetica/i.png,helvetica
helvetica/j.png,helvetica
helvetica/k.png,helvetica
helvetica/l.png,helvetica
helvetica/m.png,helvetica
helvetica/n.png,helvetica
helvetica/o.png,helvetica
helvetica/p.png,helvetica
helvetica/q.png,helvetica
helvetica/r.png,helvetica
helvetica/s.png,helvetica
helvetica/t.png,helvetica
helvetica/u.png,helvetica
helvetica/v.png,helvetica
helvetica/w.png,helvetica
helvetica/x.png,helvetica
helvetica/y.png,helvetica
helvetica/z.png,helvetica
opitma/a.png,opitma
opitma/b.png,opitma
opitma/c.png,opitma
opitma/d.png,opitma
opitma/e.png,opitma
opitma/f.png,opitma
opitma/g.png,opitma
opitma/h.png,opitma
opitma/i.png,opitma
opitma/j.png,opitma
opitma/k.png,opitma
opitma/l.png,opitma
opitma/m.png,opitma
opitma/n.png,opitma
opitma/o.png,opitma
opitma/p.png,opitma
opitma/q.png,opitma
opitma/r.png,opitma
opitma/s.png,opitma
opitma/t.png,opitma
opitma/u.png,opitma
opitma/v.png,opitma
opitma/w.png,opitma
opitma/x.png,opitma
opitma/y.png,opitma
opitma/z.png,opitma
andalemono/a.png,andalemono
andalemono/b.png,andalemono
andalemono/c.png,andalemono
andalemono/d.png,andalemono
andalemono/e.png,andalemono
andalemono/f.png,andalemono
andalemono/g.png,andalemono
andalemono/h.png,andalemono
andalemono/i.png,andalemono
andalemono/j.png,andalemono
andalemono/k.png,andalemono
andalemono/l.png,andalemono
andalemono/m.png,andalemono
andalemono/n.png,andalemono
andalemono/o.png,andalemono
andalemono/p.png,andalemono
andalemono/q.png,andalemono
andalemono/r.png,andalemono
andalemono/s.png,andalemono
andalemono/t.png,andalemono
andalemono/u.png,andalemono
andalemono/v.png,andalemono
andalemono/w.png,andalemono
andalemono/x.png,andalemono
andalemono/y.png,andalemono
andalemono/z.png,andalemono
arial/a.png,arial
arial/b.png,arial
arial/c.png,arial
arial/d.png,arial
arial/e.png,arial
arial/f.png,arial
arial/g.png,arial
arial/h.png,arial
arial/i.png,arial
arial/j.png,arial
arial/k.png,arial
arial/l.png,arial
arial/m.png,arial
arial/n.png,arial
arial/o.png,arial
arial/p.png,arial
arial/q.png,arial
arial/r.png,arial
arial/s.png,arial
arial/t.png,arial
arial/u.png,arial
arial/v.png,arial
arial/w.png,arial
arial/x.png,arial
arial/y.png,arial
arial/z.png,arial
impact/a.png,impact
impact/b.png,impact
impact/c.png,impact
impact/d.png,impact
impact/e.png,impact
impact/f.png,impact
impact/g.png,impact
impact/h.png,impact
impact/i.png,impact
impact/j.png,impact
impact/k.png,impact
impact/l.png,impact
impact/m.png,impact
impact/n.png,impact
impact/o.png,impact
impact/p.png,impact
impact/q.png,impact
impact/r.png,impact
impact/s.png,impact
impact/t.png,impact
impact/u.png,impact
impact/v.png,impact
impact/w.png,impact
impact/x.png,impact
impact/y.png,impact
impact/z.png,impact
timenewroman/a.png,timenewroman
timenewroman/b.png,timenewroman
timenewroman/c.png,timenewroman
timenewroman/d.png,timenewroman
timenewroman/e.png,timenewroman
timenewroman/f.png,timenewroman
timenewroman/g.png,timenewroman
timenewroman/h.png,timenewroman
timenewroman/i.png,timenewroman
timenewroman/j.png,timenewroman
timenewroman/k.png,timenewroman
timenewroman/l.png,timenewroman
timenewroman/m.png,timenewroman
timenewroman/n.png,timenewroman
timenewroman/o.png,timenewroman
timenewroman/p.png,timenewroman
timenewroman/q.png,timenewroman
timenewroman/r.png,timenewroman
timenewroman/s.png,timenewroman
timenewroman/t.png,timenewroman
timenewroman/u.png,timenewroman
timenewroman/v.png,timenewroman
timenewroman/w.png,timenewroman
timenewroman/x.png,timenewroman
timenewroman/y.png,timenewroman
timenewroman/z.png,timenewroman
trebuchetms/a.png,trebuchetms
trebuchetms/b.png,trebuchetms
trebuchetms/c.png,trebuchetms
trebuchetms/d.png,trebuchetms
trebuchetms/e.png,trebuchetms
trebuchetms/f.png,trebuchetms
trebuchetms/g.png,trebuchetms
trebuchetms/h.png,trebuchetms
trebuchetms/i.png,trebuchetms
trebuchetms/j.png,trebuchetms
trebuchetms/k.png,trebuchetms
trebuchetms/l.png,trebuchetms
trebuchetms/m.png,trebuchetms
trebuchetms/n.png,trebuchetms
trebuchetms/o.png,trebuchetms
trebuchetms/p.png,trebuchetms
trebuchetms/q.png,trebuchetms
trebuchetms/r.png,trebuchetms
trebuchetms/s.png,trebuchetms
trebuchetms/t.png,trebuchetms
trebuchetms/u.png,trebuchetms
trebuchetms/v.png,trebuchetms
trebuchetms/w.png,trebuchetms
trebuchetms/x.png,trebuchetms
trebuchetms/y.png,trebuchetms
trebuchetms/z.png,trebuchetms
verdana/a.png,verdana
verdana/b.png,verdana
verdana/c.png,verdana
verdana/d.png,verdana
verdana/e.png,verdana
verdana/f.png,verdana
verdana/g.png,verdana
verdana/h.png,verdana
verdana/i.png,verdana
verdana/j.png,verdana
verdana/k.png,verdana
verdana/l.png,verdana
verdana/m.png,verdana
verdana/n.png,verdana
verdana/o.png,verdana
verdana/p.png,verdana
verdana/q.png,verdana
verdana/r.png,verdana
verdana/s.png,verdana
verdana/t.png,verdana
verdana/u.png,verdana
verdana/v.png,verdana
verdana/w.png,verdana
verdana/x.png,verdana
verdana/y.png,verdana
verdana/z.png,verdana
